ativo_id,data,preco_abertura,preco_fechamento,volume
1,2025-01-03,23.92,23.74,32743864200.0
1,2025-01-06,23.98,23.96,29002386800.0
1,2025-01-07,24.14,24.25,38118337700.0
1,2025-01-13,24.21,24.21,24133433500.0
1,2025-01-14,24.25,24.65,44182914400.0
1,2025-01-20,25.35,25.43,26719850100.0
1,2025-01-21,25.45,25.66,27362515800.0
1,2025-01-22,25.58,26.13,50063426300.0
1,2025-01-23,26.24,26.72,80577391700.0
1,2025-01-29,27.6,27.44,31850946600.0
1,2025-01-30,27.37,27.64,61804935400.0
1,2025-01-31,27.74,27.68,54646980500.0
2,2025-01-03,11.4,11.2,31095601000.0
2,2025-01-06,11.34,11.42,35012354100.0
2,2025-01-07,11.53,11.58,37049642000.0
2,2025-01-13,11.11,11.22,41089474000.0
2,2025-01-14,11.23,11.43,49275509900.0
2,2025-01-21,11.65,11.64,30258567900.0
2,2025-01-22,11.73,11.48,48878595900.0
2,2025-01-29,11.73,11.51,38760630900.0
2,2025-01-30,11.54,12.14,68568469300.0
2,2025-01-31,12.14,12.09,45780694500.0
3,2025-01-03,6.77,6.78,701050478.0
3,2025-01-06,6.87,6.76,792453150.0
3,2025-01-07,6.78,6.77,2090506335.0
3,2025-01-13,6.66,6.57,721445204.0
3,2025-01-14,6.46,6.39,901014456.0
3,2025-01-20,6.33,6.29,682341041.0
3,2025-01-21,6.29,6.38,552892370.0
3,2025-01-22,6.38,6.28,547741635.0
3,2025-01-29,6.18,6.13,411933205.0
3,2025-01-30,6.14,6.15,496394649.0
3,2025-01-31,6.16,6.21,370065467.0
4,2025-01-03,154.64,154.0,805246186.0
4,2025-01-06,154.5,152.75,654939397.0
4,2025-01-07,152.75,151.0,743508650.0
4,2025-01-13,150.7,150.43,662473543.0
4,2025-01-14,150.43,149.58,563706327.0
4,2025-01-20,149.5,149.8,812421319.0
4,2025-01-21,149.8,149.45,678431159.0
4,2025-01-22,149.76,150.01,486015234.0
4,2025-01-29,148.21,148.68,559097978.0
4,2025-01-30,148.75,149.9,610620145.0
4,2025-01-31,149.9,152.25,541837778.0
5,2025-01-03,9.28,9.31,1041476014.0
5,2025-01-06,9.33,9.37,1276406016.0
5,2025-01-07,9.37,9.44,2366644827.0
5,2025-01-13,9.35,9.2,1379545774.0
5,2025-01-14,9.26,9.25,1230735404.0
5,2025-01-20,9.16,9.09,1573209364.0
5,2025-01-21,9.1,9.1,1362499351.0
5,2025-01-22,9.12,9.07,1060524402.0
5,2025-01-29,9.07,9.07,1117887813.0
5,2025-01-30,9.08,9.14,1232493195.0
5,2025-01-31,9.16,9.21,1247867238.0
6,2025-01-03,36.88,36.38,84938900600.0
6,2025-01-06,36.6,36.21,86155316100.0
6,2025-01-07,36.55,36.98,139159941600.0
6,2025-01-13,37.3,37.07,85263228100.0
6,2025-01-14,37.11,36.82,107474852500.0
6,2025-01-21,37.1,37.3,87529079500.0
6,2025-01-22,37.36,37.09,81502826100.0
6,2025-01-23,37.12,36.83,98778592100.0
6,2025-01-29,37.2,36.9,67241608800.0
6,2025-01-30,37.04,37.39,115275361400.0
6,2025-01-31,37.39,37.69,140210144900.0
7,2025-01-03,87.28,87.0,166930005.0
7,2025-01-06,87.0,86.8,242695960.0
7,2025-01-07,87.0,88.9,487231334.0
7,2025-01-13,84.56,86.22,178251982.0
7,2025-01-14,85.2,86.03,182515686.0
7,2025-01-20,82.13,84.99,363364524.0
7,2025-01-21,84.98,83.01,429422971.0
7,2025-01-22,83.01,81.51,386960615.0
7,2025-01-29,79.2,79.31,249133595.0
7,2025-01-30,79.64,80.45,275248327.0
7,2025-01-31,80.45,83.5,304051128.0
10,2025-01-02,1000.2524,1000.2524,7141.6476
10,2025-01-03,999.8323,999.8323,4593.585
10,2025-01-04,1000.3074,1000.3074,4487.7573
10,2025-01-05,1000.8779,1000.8779,4186.2273
10,2025-01-06,1000.0016,1000.0016,5615.9794
10,2025-01-07,999.4505,999.4505,6128.9723
10,2025-01-08,999.6143,999.6143,4886.0525
10,2025-01-09,999.5562,999.5562,4159.8435
10,2025-01-10,999.6478,999.6478,4175.5188
10,2025-01-11,999.3214,999.3214,5650.5928
10,2025-01-12,999.8607,999.8607,5743.2542
10,2025-01-13,1000.3495,1000.3495,5543.1543
10,2025-01-14,1000.4826,1000.4826,4334.4903
10,2025-01-15,1001.1465,1001.1465,5232.1613
10,2025-01-16,1001.4807,1001.4807,5116.6858
10,2025-01-17,1001.1505,1001.1505,5218.6886
10,2025-01-18,1001.4352,1001.4352,5871.4288
10,2025-01-19,1001.0553,1001.0553,5223.5955
10,2025-01-20,1001.595,1001.595,5678.9136
10,2025-01-21,1001.6702,1001.6702,5067.5791
10,2025-01-22,1001.6778,1001.6778,5289.1194
10,2025-01-23,1001.4369,1001.4369,5631.2882
10,2025-01-24,1002.1492,1002.1492,3542.8442
10,2025-01-25,1002.172,1002.172,4680.3288
10,2025-01-26,1002.0576,1002.0576,4529.6273
10,2025-01-27,1001.9814,1001.9814,4361.1222
10,2025-01-28,1002.3482,1002.3482,4724.8577
10,2025-01-29,1002.6316,1002.6316,6494.9413
10,2025-01-30,1002.9388,1002.9388,4134.1689
10,2025-01-31,1003.2551,1003.2551,5968.2784
11,2025-01-02,999.2586,999.2586,5665.3851
11,2025-01-03,999.1912,999.1912,4901.5145
11,2025-01-04,999.3724,999.3724,4576.7017
11,2025-01-05,999.7653,999.7653,4920.2818
11,2025-01-06,1000.2208,1000.2208,3312.6656
11,2025-01-07,1000.7176,1000.7176,3552.8875
11,2025-01-08,1000.6431,1000.6431,3677.3004
11,2025-01-09,1000.5119,1000.5119,4002.7532
11,2025-01-10,1001.0411,1001.0411,5399.7742
11,2025-01-11,1001.0455,1001.0455,4094.5209
11,2025-01-12,1000.5071,1000.5071,4621.8374
11,2025-01-13,1000.0402,1000.0402,6299.2283
11,2025-01-14,999.6805,999.6805,4643.736
11,2025-01-15,1000.0289,1000.0289,5737.5156
11,2025-01-16,1000.2002,1000.2002,4066.3823
11,2025-01-17,1000.6455,1000.6455,4794.5624
11,2025-01-18,1000.5318,1000.5318,4049.9779
11,2025-01-19,1000.7111,1000.7111,4660.9669
11,2025-01-20,1001.1242,1001.1242,5840.3081
11,2025-01-21,1001.0695,1001.0695,3272.6796
11,2025-01-22,1001.3982,1001.3982,5434.4236
11,2025-01-23,1001.167,1001.167,5237.7356
11,2025-01-24,1001.0853,1001.0853,4405.85
11,2025-01-25,1000.9944,1000.9944,3553.9421
11,2025-01-26,1000.496,1000.496,5072.1295
11,2025-01-27,1000.8396,1000.8396,4470.5073
11,2025-01-28,1000.7048,1000.7048,5232.6762
11,2025-01-29,1000.8111,1000.8111,5021.8521
11,2025-01-30,1001.1518,1001.1518,6601.7789
11,2025-01-31,1001.4754,1001.4754,4760.6444
12,2025-01-02,999.5883,999.5883,4841.3652
12,2025-01-03,999.7778,999.7778,3964.3462
12,2025-01-04,999.9878,999.9878,3325.3171
12,2025-01-05,1000.7673,1000.7673,4513.6921
12,2025-01-06,1001.2853,1001.2853,4946.2174
12,2025-01-07,1001.5641,1001.5641,6767.9299
12,2025-01-08,1002.397,1002.397,5130.2745
12,2025-01-09,1001.9015,1001.9015,5982.7395
12,2025-01-10,1001.6812,1001.6812,4500.7044
12,2025-01-11,1001.3173,1001.3173,3815.0562
12,2025-01-12,1001.2223,1001.2223,4034.8832
12,2025-01-13,1000.6332,1000.6332,4274.7739
12,2025-01-14,1001.051,1001.051,7128.4697
12,2025-01-15,1001.0399,1001.0399,4178.6133
12,2025-01-16,1000.4038,1000.4038,5838.4892
12,2025-01-17,999.9959,999.9959,4097.0728
12,2025-01-18,1000.2526,1000.2526,5931.573
12,2025-01-19,1000.7718,1000.7718,5384.951
12,2025-01-20,1001.8711,1001.8711,4843.3621
12,2025-01-21,1003.4309,1003.4309,4959.2375
12,2025-01-22,1003.7392,1003.7392,4345.2123
12,2025-01-23,1003.3429,1003.3429,5446.0722
12,2025-01-24,1002.3737,1002.3737,4545.0165
12,2025-01-25,1002.6081,1002.6081,3774.3942
12,2025-01-26,1002.3008,1002.3008,3722.0624
12,2025-01-27,1002.1929,1002.1929,5172.5879
12,2025-01-28,1001.9864,1001.9864,6579.0913
12,2025-01-29,1002.016,1002.016,5159.9916
12,2025-01-30,1002.6503,1002.6503,4881.3617
12,2025-01-31,1002.8293,1002.8293,5285.8261
8,2025-01-03,9.35,9.33,322211403.0
8,2025-01-06,9.33,9.42,448943940.0
8,2025-01-07,9.34,9.4,384994263.0
8,2025-01-13,9.49,9.36,322432792.0
8,2025-01-14,9.17,9.17,358565730.0
8,2025-01-20,9.0,9.01,668196317.0
8,2025-01-21,9.0,9.02,629966381.0
8,2025-01-22,9.02,9.1,364932726.0
8,2025-01-29,9.0,8.97,362042365.0
8,2025-01-30,8.98,8.89,540340220.0
8,2025-01-31,8.94,8.99,438876814.0
9,2025-01-03,98.45,97.73,1563338930.0
9,2025-01-06,98.53,98.73,1243329294.0
9,2025-01-07,98.73,98.5,1098904877.0
9,2025-01-13,98.19,97.85,1100923140.0
9,2025-01-14,97.85,98.37,1115029689.0
9,2025-01-20,95.06,96.05,1418648521.0
9,2025-01-21,96.27,95.15,1245176928.0
9,2025-01-22,95.4,95.59,1043321969.0
9,2025-01-29,96.01,96.2,922874296.0
9,2025-01-30,96.2,97.98,1167132548.0
9,2025-01-31,97.8,97.5,1615211628.0
